{"AUC": [0.8879460692405701, 0.9109413623809814, 0.9152681231498718, 0.9219265580177307, 0.9268840551376343, 0.9309593439102173, 0.9332748055458069, 0.9344082474708557, 0.934411883354187, 0.9350884556770325, 0.9383725523948669, 0.9429377317428589, 0.9434084296226501, 0.9429923295974731, 0.9436848759651184, 0.9488093256950378, 0.9486322402954102, 0.9510156512260437, 0.9531157612800598, 0.9501708745956421, 0.9527029395103455, 0.9551077485084534, 0.9544603228569031, 0.9552031755447388, 0.9532780647277832, 0.9568541049957275, 0.9588278532028198, 0.9591808319091797, 0.9610358476638794, 0.9588196277618408, 0.9615607261657715, 0.9609188437461853, 0.9649190902709961, 0.9645204544067383, 0.9664637446403503, 0.9662589430809021, 0.9675333499908447, 0.9681345224380493, 0.9686696529388428, 0.9689071178436279, 0.9717358350753784], "loss": [0.4201166033744812, 0.3705494701862335, 0.363138347864151, 0.35082221031188965, 0.34128129482269287, 0.3317038118839264, 0.3260398507118225, 0.3249707818031311, 0.3251151144504547, 0.3230975568294525, 0.3157497048377991, 0.30417680740356445, 0.3023311197757721, 0.3046700656414032, 0.3026103973388672, 0.2897615432739258, 0.28890520334243774, 0.2823266088962555, 0.27679404616355896, 0.2853180766105652, 0.2781796455383301, 0.27165359258651733, 0.2719983458518982, 0.2702043652534485, 0.27599552273750305, 0.26639413833618164, 0.26005446910858154, 0.25833186507225037, 0.25300946831703186, 0.25922444462776184, 0.25106921792030334, 0.254010409116745, 0.24058939516544342, 0.2412998527288437, 0.23528717458248138, 0.23541146516799927, 0.23098081350326538, 0.22886760532855988, 0.22699850797653198, 0.22532977163791656, 0.21579477190971375], "val_AUC": [0.8973875045776367, 0.9184328317642212, 0.9267406463623047, 0.9270386099815369, 0.9325007200241089, 0.9292386770248413, 0.9348151683807373, 0.9382474422454834, 0.929888904094696, 0.9395239949226379, 0.9329453706741333, 0.9376198053359985, 0.9368922710418701, 0.9356148838996887, 0.9370580911636353, 0.9398471117019653, 0.9369165301322937, 0.9440053701400757, 0.9435218572616577, 0.9417219161987305, 0.94502192735672, 0.9423899054527283, 0.9371431469917297, 0.9347487092018127, 0.9386461973190308, 0.9457550644874573, 0.944592297077179, 0.939297616481781, 0.9398553371429443, 0.9437083005905151, 0.9470614790916443, 0.9426777958869934, 0.9421621561050415, 0.9483156800270081, 0.945681095123291, 0.9409229755401611, 0.9430806636810303, 0.9469228386878967, 0.9438735842704773, 0.9454050660133362, 0.9444618225097656], "val_loss": [0.5291717052459717, 0.40112489461898804, 0.3415493071079254, 0.34797677397727966, 0.33750948309898376, 0.34471917152404785, 0.33025774359703064, 0.3300490081310272, 0.34326642751693726, 0.3165128231048584, 0.33672136068344116, 0.32304802536964417, 0.3273617923259735, 0.3285987377166748, 0.32592716813087463, 0.3157307207584381, 0.33652159571647644, 0.3076150417327881, 0.3121534585952759, 0.31500792503356934, 0.3044630289077759, 0.3149819076061249, 0.32922160625457764, 0.33686354756355286, 0.3296527564525604, 0.30608636140823364, 0.316697895526886, 0.3447173237800598, 0.3329552114009857, 0.311414897441864, 0.29984569549560547, 0.31996479630470276, 0.32676801085472107, 0.30861836671829224, 0.3036052882671356, 0.33230745792388916, 0.32776764035224915, 0.31677722930908203, 0.31564006209373474, 0.3250393271446228, 0.3305087089538574]}